<?xml version="1.0" encoding="utf-8"?>
<CConfigDO xmlns:xsi="http://www.w3.org/2001/XMLSchema-instance" xmlns:xsd="http://www.w3.org/2001/XMLSchema">
  <UpdateTime>00:00</UpdateTime>
  <AutoUpdate>false</AutoUpdate>
  <UpdateInterval>12</UpdateInterval>
  <NumLines>1</NumLines>
  <Line1Num>3</Line1Num>
  <Line2Num>0</Line2Num>
  <Line3Num>0</Line3Num>
  <Line4Num>0</Line4Num>
  <CustomerName>Mr Apple</CustomerName>
  <LineName1>Lane 1</LineName1>
  <LineName2 />
  <LineName3 />
  <LineName4 />
  <CustomerID>22246</CustomerID>
  <MainServerIP>127.0.0.1</MainServerIP>
  <MainServerIPPort>3000</MainServerIPPort>
  <ReelWorldServer>https://jenk12-tga/ReelWorldWebapi/</ReelWorldServer>
  <ReelWorldUser>EAAAAKAV5otfxeE5/p0FRdJvZ9HhzrTXmzEfMcSw1Ji5yL/E</ReelWorldUser>
  <ReelWorldPass>EAAAAPWXoJO4/mafyPquDv2gW0fsq2BZh/gIntUplzf6WLUl</ReelWorldPass>
  <MaxPairTime>0</MaxPairTime>
  <FirstTime>false</FirstTime>
  <CustomerIDOther>56901,56908,56933,95703</CustomerIDOther>
  <MasterUnit>false</MasterUnit>
  <BankNum>1</BankNum>
  <LineNum>1</LineNum>
  <rs485device>/dev/ttyAMA0</rs485device>
  <PerLaneScanning>false</PerLaneScanning>
  <checklaneinterval>10</checklaneinterval>
  <serialBaudRate>9600</serialBaudRate>
  <serialTimeOut>1</serialTimeOut>
  <numLanes>10</numLanes>
</CConfigDO>